,Title,Subtitle,Link
0,Rishi may have lost to judges today - but he has public opinion on his side,,https://www.thesun.co.uk/news/politics/22860637/rwanda-migration-plan-takes-a-blow/
1,Madonna ‘released’ from hospital and ‘back home’ after scary ICU stay,ROAD TO RECOVERY,https://www.thesun.co.uk/tvandshowbiz/celebrities/22868777/madonna-released-hospital-rushed-icu-severe-bacterial-infection/
2,Urgent warning over 'poisonous' new trend which promises 'the best tan ever',,https://www.thesun.co.uk/health/22859353/beer-tan-tiktok-trend-dangers-sunbathing/
3,Huge career setback for Gino D'Acampo after show axe as £150k probe launched,MAMMA MIA,https://www.thesun.co.uk/tv/22863545/gino-dacampo-restaurant-chain-shuts-down-5-4m-debt/
4,Body of woman found in lake as cops launch probe into ‘unexplained’ death,LAKE TRAGEDY,https://www.thesun.co.uk/news/22834304/body-woman-found-surrey-lake-unexplained/
5,Scarlett Moffatt gives birth to first child and reveals unique names,BABY JOY!,https://www.thesun.co.uk/tvandshowbiz/22870507/scarlett-moffatt-gives-birth-gogglebox-baby-boy-name/
6,Russian bank exec dies in mystery plunge from window of her Moscow apartment,DEATH FALL,https://www.thesun.co.uk/news/22856405/russian-bank-vice-president-dies-mystery-plunge/
7,Common sweetener in Diet Coke and chewing gum ‘to be listed as a cancer risk’,FIZZ FEARS,https://www.thesun.co.uk/health/22862785/aspartame-sweetener-diet-coke-cancer-risk/
8,Maddie witness reveals moment Christian B ‘confessed’ & why he wasn't caught,MADDIE SHOCK,https://www.thesun.co.uk/news/22860850/key-madeleine-mccann-witness-moment-christian-b-confessed/
9,Jonny Bairstow gives dithering cops a lesson by dealing with eco-loon at Ashes,THE SUN SAYS,https://www.thesun.co.uk/news/22855023/jonny-bairstow-carrying-eco-loon-lords-ground/
10,Win an incredible Everose Gold Rolex or £28k cash alternative from just 89p,ROLEX,https://www.thesun.co.uk/sport/18922011/win-rolex-7dp/
11,Find out if you’re eligible to reclaim money for your car emissions,EMISSIONS RELIEF,https://www.thesun.co.uk/motors/22224364/reclaim-money-for-your-car-emissions/
12,My lover thinks my partner and I don't have sex - this news will blow my cover,DEAR DEIDRE,https://www.thesun.co.uk/dear-deidre/22838699/call-off-lover-girlfriend-finds-out/
13,Harry set to lose major royal role after being evicted from Frogmore Cottage,LOST PRINCE,https://www.thesun.co.uk/fabulous/22865468/harry-royal-role-frogmore-cottage/
14,Celebrity Gogglebox sign up Britpop legend’s son & nineties pop star,POP ROYALTY,https://www.thesun.co.uk/tv/22865547/celebrity-gogglebox-liam-gallagher-son-natalie-appleton/
15,Katie Price reveals how many men she’s really slept with,,https://www.thesun.co.uk/tvandshowbiz/22858848/katie-price-reveals-how-many-men-shes-slept-with/
16,Eco yob tackled by Jonny Bairstow is son of millionaire who lives in £6m mansion,RICH KID,https://www.thesun.co.uk/news/22863531/eco-jonny-bairstow-ashes-millionaire-business-mansion/
17,Jonny Bairstow hailed a hero by Rishi Sunak for carting eco-activist off Ashes pitch,,https://www.thesun.co.uk/sport/22854300/rishi-sunak-jonny-bairstow-just-stop-oil-ashes/
18,Moment passenger loses her leg after it gets mangled in airport travelator,AIRPORT HORROR,https://www.thesun.co.uk/news/22863097/horror-moment-womans-loses-leg-airport-travelator-thailand/
19,"Benjamin Mendy told ‘rape victim he slept with 10,000 women’, re-trial hears",FOOTIE 'RAPE',https://www.thesun.co.uk/sport/22812384/man-city-benjamin-mendy-retrial-rape/
20,"Audio illusion leaves people stunned as the word changes, so what do you hear?",,https://www.thesun.co.uk/fabulous/22864620/audio-illusion-people-stunned-word-changes/
21,'Eerie' pic of Putin with Chechen warlord stokes 'body double' rumours,VLAD-DAM TUSSAUDS,https://www.thesun.co.uk/news/22858745/waxwork-pic-putin-with-chechen-warlord-body-double-rumours/
22,Putin's Gen Armageddon ‘grabbed by the b***s & thrown in jail’ after coup plot,,https://www.thesun.co.uk/news/22861386/putins-general-armageddon-thrown-brutal-moscow-jail/
23,"Pundits say Vladimir Putin's sick, hated or losing... yet he’s still there",ROD LIDDLE,https://www.thesun.co.uk/news/22854120/vladimir-putin-hated-losing-still-there-rod-liddle/
24,Russell Brand is expecting his third child with his wife Laura Gallacher,BABY JOY,https://www.thesun.co.uk/tvandshowbiz/22871012/russell-brand-third-child-wife-laura/
25,"Met cop, 34, GUILTY of sex attack on woman in the sea on his stag-do",COP FIEND,https://www.thesun.co.uk/news/22866305/met-police-officer-guilty-sex-attack-stag-do/
26,Madonna returns home from hospital after bacterial infection,,https://www.thesun.co.uk/tvandshowbiz/celebrities/22854919/madonna-material-girl-hospital-celebration-tour-live/
27,Thousands to receive Universal Credit cash boost - are you eligible?,EXTRA HELP,https://www.thesun.co.uk/money/22827315/universal-credit-dwp-cost-of-living-updates/
28,Phil Schofield seen outside seriously ill mum’s home as bedside vigil revealed,BY HER SIDE,https://www.thesun.co.uk/tv/22859890/phillip-schofield-seriously-ill-mums-home/
29,Our popular beach is being ruined by vile 'sex attacks' - we need a key change,SHORE HORROR,https://www.thesun.co.uk/news/22856059/popular-beach-ruined-vile-sex-attacks/
30,Final days of £26m Euromillions winner whose life spiralled into heartbreak,LOTTO LOSS,https://www.thesun.co.uk/money/22863921/tragic-lottery-winner-margaret-loughrey/
31,"Two girls, 17, arrested for conspiracy to murder after boys ‘stabbed’",DOUBLE ‘STABBING’,https://www.thesun.co.uk/news/22863163/orpington-stabbing-girls-arrested-murder/
32,Second Glastonbury death as crew member found dead in tent after DJ died,FESTIVAL TRAGEDY,https://www.thesun.co.uk/news/22859203/second-glastonbury-death-crew-member-tent/
33,Urgent warning as vapes contaminated with flesh-eating drug found in Britain,DEADLY RISK,https://www.thesun.co.uk/health/22853092/urgent-warning-vapes-deadly-flesh-eating-drug/
34,I was on Love Island with Kady McDermott & was hiding big secret from everyone,CRACKING IN,https://www.thesun.co.uk/tv/22833049/love-island-kady-mcdermott-rykard-jenkins-secret/
35,Love Island’s Zach and Mitchel in explosive clash as rivals row over Kady,,https://www.thesun.co.uk/tv/22868711/love-islands-zach-mitchel-clash/
36,Love Island fans spot awkward moment girls snub Jess - did you see it?,CROWDED HOUSE,https://www.thesun.co.uk/tv/22868564/love-island-fans-jess/
37,Love Island mystery as two girls 'disappear from the villa' as Whitney cries,,https://www.thesun.co.uk/tv/22863365/love-island-two-girls-disappear-villa/
38,Love Island fans believe Kady is hiding a 'secret' at home,,https://www.thesun.co.uk/tv/22619657/love-island-2023-cast-latest-live/
39,'Human remains' found in Titanic sub wreckage that was brought ashore,HEARTBREAKING FIND,https://www.thesun.co.uk/news/22855719/human-remains-found-titanic-sub/
40,Mum-of-22 Sue Radford answers the family’s ‘most asked question’ in candid Q&A,,https://www.thesun.co.uk/fabulous/22864933/sue-radford-most-asked-question-home/
41,Atomic Kitten's Liz McClarnon secretly marries fiancé Peter,LIZ-ING HER BEST LIFE,https://www.thesun.co.uk/tvandshowbiz/22865127/atomic-kittens-liz-mclarnon-secretly-married-fiance-peter/
42,We’re raging our quiet area's becoming like Amsterdam’s red light district,TROUBLE DUTCH,https://www.thesun.co.uk/news/22857036/only-fans-billboard-harrow-london/
43,Stunning £3.5m mansion with pool could be yours for £10 but draw ends soon,,https://www.thesun.co.uk/money/property/22111595/stunning-3-5m-mansion-cotswolds-omaze/
44,The kitchen item that causes 13 killer diseases & how to keep your family safe,CLEAN UP,https://www.thesun.co.uk/health/22862713/tea-towel-kitchen-bacteria-killer-diseases-salmonella/
45,Most rare and valuable 10p coins including set worth 160 times its face value,COINING IT IN,https://www.thesun.co.uk/money/8998914/rarest-10p-coins-circulation-revealed-worth-more-face-value/
46,"Brit, 37, dies after suddenly falling ill next to his girlfriend in hotel bed",HOTEL TRAGEDY,https://www.thesun.co.uk/news/22861770/brit-tourist-dies-menorca-next-to-his-girlfriend-hotel/
47,I'm being forced to tear down my home after a neighbour reported me,CRUSHING BLOW,https://www.thesun.co.uk/news/22833095/im-tearing-down-my-tiny-home/
48,Girls 'sexually assaulted' in gender-neutral school toilets as boy arrested,SCHOOL 'ATTACK',https://www.thesun.co.uk/news/22856742/girls-sexually-assaulted-essex-schools-gender-neutral/
49,Emmerdale legend Ben Freeman lands major Hollywood role in huge series,SOAP SHOCK,https://www.thesun.co.uk/tv/22868051/emmerdale-legend-ben-freeman-major-hollywood-role/
50,Govt plans to temporarily nationalise debt-ridden Thames Water if it collapses,CLEAR PLAN,https://www.thesun.co.uk/money/22855842/government-plans-temporarily-nationalising-thames-water-collapse/
51,With Thames Water in crisis - what the hell is going on with our watchdogs?,LEO MCKINSTRY,https://www.thesun.co.uk/news/22854858/thames-water-crisis-ofwat-watchdogs-regulation/
52,Nicole Scherzinger fans can’t believe her age as she celebrates her birthday,SCHERZING!,https://www.thesun.co.uk/tvandshowbiz/22868989/nicole-scherzinger-fans-cant-believe-age-birthday/
53,Elle Edwards’ ‘killer shared chilling Facebook status after gun murder','KILLER’S' POST,https://www.thesun.co.uk/news/22861912/chilling-facebook-status-gun-murder/
54,Brits battered by summer showers… but we're set to enjoy 22C weekend warmer,,https://www.thesun.co.uk/news/22856334/uk-weather-summer-showers-weekend/
55,3.3-magnitude earthquake rocks UK as homes 'shake' - did you feel it?,SHAKEN AWAKE,https://www.thesun.co.uk/news/22856509/earthquake-rocks-staffordshire-shake-stoke/
56,Drivers divided by note slamming neighbour for parking - but who's in the wrong?,NOTE HAPPY,https://www.thesun.co.uk/motors/22859258/woman-revealed-note-car-after-parking/
57,Utd AGREE fee with Chelsea for Mount as Ten Hag set for first summer signing,MAS-IN MOUNT,https://www.thesun.co.uk/sport/22869765/man-utd-agree-transfer-chelsea-mason-mount/
58,Vardy snubs sensational move despite not having talks with new boss about future,VAR BLIMEY,https://www.thesun.co.uk/sport/22857350/jamie-vardy-snubs-transfer-saudi-arabia-leicester/
59,Inside Grealish's Las Vegas holiday as he parties with DJ Tiesto,VIVA JACK GREALISH,https://www.thesun.co.uk/sport/22863827/grealish-las-vegas-dj-tiesto/
60,"Man Utd and Chelsea agree Mount deal, Bayern 'convinced' they will sign Kane",TRANSFER NEWS,https://www.thesun.co.uk/sport/22653959/transfer-news-live-harry-kane-chelsea-bayern/
61,Check out the best new online casinos including welcome offers and bonuses,BRAVE NEW WHIRL,https://www.thesun.co.uk/betting/21169900/new-casinos/
62,Hollyoaks star Chelsee Healey stuns in sheer pants and suspenders for night out,RED HOT,https://www.thesun.co.uk/tv/22867175/hollyoaks-chelsee-healey-see-through-knickers/
63,Celebrity SAS Who Dares Wins signs up Geordie Shore legend alongside Towie star,NEW RECRUIT,https://www.thesun.co.uk/tv/22859279/celebrity-sas-who-dares-wins-geordie-shore-marnie-simpson/
64,Dragons' Den star dramatically quits show and shares photo from last day on set,DEN SHOCK,https://www.thesun.co.uk/tv/22867076/dragons-den-steven-bartlett-quits-last-day-bbc/
65,Love Island winner Ekin-Su goes braless in plunging top,BY EK',https://www.thesun.co.uk/tv/22861323/love-island-ekin-su-braless-plunging-top-davide/
66,Loose Women star fuels rumours she's split from husband,LETTING LOOSE,https://www.thesun.co.uk/tv/22860916/loose-women-linda-robson-split-husband/
67,"Paris 'executioner' cop is charged as 40,000 cops brace for 3rd night of riots",FIRE & FURY,https://www.thesun.co.uk/news/22868264/paris-executioner-cop-shot-teen-charged-homicide-riots-france/
68,"British ISIS terrorists are planning major attack in UK, reveals army general",HIGH ALERT,https://www.thesun.co.uk/news/22855600/british-isis-terrorists-planning-major-attack/
69,Serial killer fears as 16 bodies pulled from the same river in 18 months,CHILLING PATTERN,https://www.thesun.co.uk/news/22859369/serial-killer-fears-bodies-pulled-chicago-river-fbi/
70,Striking NHS doctors can take on lucrative private work during walkout,'KICK IN THE TEETH',https://www.thesun.co.uk/health/22864277/striking-nhs-doctors-lucrative-private-work/
71,Ghislaine Maxwell branded the ‘prison Karen’ after 400 petty complaints,ENTITLED TO THE MAX,https://www.thesun.co.uk/news/22853094/ghislaine-maxwell-branded-the-prison-karen/
72,Tributes to 'dedicated' dad stabbed to death in front of screaming passengers,TRAM HORROR,https://www.thesun.co.uk/news/22860195/dad-kyle-knowles-tribute-tram-stabbing/
73,Warning to Brits over swarms of pests set to hit your gardens in days,BEEWARE,https://www.thesun.co.uk/news/22857342/warning-pests-set-gardens-days/
74,We moved into dream Victorian house but it turned into a 4-year nightmare,ROOM WITH A BOO,https://www.thesun.co.uk/news/22789838/dream-house-nightmare-ghost-haunted-paranormal/
75,Gymshark Summer sale announced with up to 60% off,SNAP IT UP,https://www.thesun.co.uk/fabulous/22811812/gymshark-summer-sale/
76,Shoppers rush to buy travel essential that scans at the checkout for 20% off,PACK IT IN!,https://www.thesun.co.uk/travel/22764310/amazon-shoppers-rush-to-buy-kono-carry-on-suitcase/
77,Boots shoppers rush to buy 'amazing' Dyson tool that's scanning for £100 less,CHEAP CORRALE,https://www.thesun.co.uk/fabulous/22847993/boots-dyson-corrale-100-less/
78,Inside Frogmore Cottage’s rocky history as Harry & Meghan finally clear out,FROGMARCHED OUT,https://www.thesun.co.uk/fabulous/22863873/inside-frogmore-cottages-rocky-history/
79,A pet project may be Saturn-stalled but can soon get moving again,MYSTIC MEG,https://www.thesun.co.uk/fabulous/horoscopes/22838105/horoscope-today-june-29-2023-star-sign-mystic-meg/
80,I’m accused of ‘blackface’ after ‘bathing in spray tan’ nightly - it’s not true,,https://www.thesun.co.uk/fabulous/22863851/accused-blackface-bathing-spray-tan-nightly/
81,My free tip will help you sleep much better in the heat - it's a game-changer,,https://www.thesun.co.uk/fabulous/22866910/free-summer-tip-help-you-sleep-much-better/
82,Stacey Solomon gives look at Rose and Belle’s incredible bedroom at Pickle Cottage,,https://www.thesun.co.uk/tvandshowbiz/22866241/stacey-solomon-rose-belle-bedroom-pickle-cottage/
83,Inside F1 Alonso's car collection including rare £1m Porsche & £895k McLaren,NEED FOR SPEED,https://www.thesun.co.uk/motors/22864472/fernando-alonsos-car-collection-rare-porsche-mclaren/
84,Drivers are only just realising little-known feature could keep them safe,,https://www.thesun.co.uk/motors/22868551/drivers-realising-little-known-feature-keep-safe/
85,I tried to get revenge on my selfish neighbour - but things didn't go as planned,DRIVEN MAD,https://www.thesun.co.uk/motors/22857908/revenge-selfish-neighbour-things-dont-go-planned/
86,EV warning over major issue that could cost drivers thousands to fix,WHEELY BAD,https://www.thesun.co.uk/motors/22863173/ev-warning-major-issue-cost-drivers-thousands/
87,"Win a McLaren + £5k or £110,000 cash alternative from just 89p",LIFE IN THE FAST LANE,https://www.thesun.co.uk/sport/18918779/win-car-competition-7dp/
88,Inside Mark Wright and Michelle Keegan’s luxury Majorca apartment,RENO READY,https://www.thesun.co.uk/tvandshowbiz/22858052/mark-wright-michelle-keegan-majorca-apartment/
89,Strictly's Janette Manrara shows off baby bump as she works weeks before birth,,https://www.thesun.co.uk/tv/22865571/strictly-star-janette-manrara-shows-off-growing-baby-bump/
90,Mark Wright reveals his £3.5m Essex mansion is just weeks from being finished,WOWIE!,https://www.thesun.co.uk/fabulous/22868166/mark-wright-essex-mansion-nearly-finished/
91,Rita Ora strips completely naked as she slips into the bath,HOT AND SOAPY RIGHT NOW,https://www.thesun.co.uk/tvandshowbiz/22856871/rita-ora-strips-completely-naked-bath-raunchy-snap/
92,New Kids On The Block heart-throb unrecognisable 35 years after boyband fame,,https://www.thesun.co.uk/tvandshowbiz/22859971/new-kids-on-the-block-joey-mcintyre/
93,I tested cordless hoovers against Dyson - the winner was under half the price,WHO SUCKS?,https://www.thesun.co.uk/money/22853995/cordless-hoovers-test-dyson/
94,We transformed a Transit van into our dream tiny home & people are always amazed,,https://www.thesun.co.uk/fabulous/22863471/transformed-transit-van-dream-tiny-home-amazed/
95,Shoppers rush to buy iron scanning at tills for just £1 instead of £25,SAVVY SHOPPING,https://www.thesun.co.uk/money/22856543/bm-shoppers-rush-buy-bargain-iron-reduced/
96,"We lived on £125 a week for four years to afford our £210,000 home",SAVVY SAVERS,https://www.thesun.co.uk/money/22817070/first-time-buyers-small-budget-save-leeds/
97,People are only just realising they get free cash every month from big bank,SUPER SAVINGS,https://www.thesun.co.uk/money/22865448/active-halifax-free-cashback-banking-perks/
98,Brilliant moment hotel worker gets revenge on sunbed hoggers in Majorca,'TOWEL POLICE',https://www.thesun.co.uk/travel/22850704/sunbed-hogger-police-holiday-spain-majorca-resort-brits/
99,How a 'genius' hack means you can beat the liquid rules at the airport,,https://www.thesun.co.uk/travel/18186021/liquids-airport-cotton-pads-face-wash/
100,Secret hotel fees to look out for that can double the cost of your room,PAY-CATION,https://www.thesun.co.uk/travel/22867681/secret-hotel-fees-double-cost-room-drip-pricing-unbundling/
101,Popular UK holiday park chain opens new adventure & activity zones this summer,PLAY ON,https://www.thesun.co.uk/travel/22859883/uk-holiday-park-cove-new-attraction/
102,Six sizzling places where Love Islanders holiday - from Greece to the Maldives,LOVE TO GO,https://www.thesun.co.uk/travel/22805312/love-island-holidays-crete-ibiza-dubai-italy/
103,I have Tourette's syndrome like Lewis Capaldi - it's NOTHING like people think,REAL TALK,https://www.thesun.co.uk/health/22832717/tourettes-syndrome-lewis-capaldi-swearing-stereotypes/
104,I started vaping to help me quit smoking - one month later my lung collapsed,RISKY HABIT,https://www.thesun.co.uk/health/22862006/vaping-smoking-danger-collapsed-lung/
105,Prince William and Debs' family lead tributes on anniversary of her death,'AN INSPIRATION',https://www.thesun.co.uk/health/22839437/deborah-james-prince-william-family-tributes-anniversary/
106,Patients will do DIY health checks from home to ease pressure on GPs,DIGI CHECK-UP,https://www.thesun.co.uk/news/22854745/patients-digital-diy-health-checks-from-home/
107,Footballer dies aged 40 as Aston Villa legend Stiliyan Petrov pays tribute,'HE LOVED LIFE',https://www.thesun.co.uk/sport/22858126/footballer-dies-aston-villa-stiliyan-petrov-tribute/
108,Live updates from Virgin Galactic's first commercial space flight launch,WE HAVE LIFT OFF,https://www.thesun.co.uk/tech/22865240/virgin-galactic-launch-live-updates-time/
109,One of the most popular games of all time is going free-to-play,FOUR FREE,https://www.thesun.co.uk/tech/22864143/the-sims-5-free-to-play/
110,Amazing FLYING car set to create Back To The Future-style roads in the sky,,https://www.thesun.co.uk/motors/22849783/flying-car-back-to-future-roads-in-sky-motors/
111,Bizarre UFO ‘skytrails’ force France to reveal secret hypersonic weapons test,,https://www.thesun.co.uk/news/22845532/bizarre-ufo-skytrails-top-secret-hypersonic-nuclear/
112,I’m an Apple expert – simple charging mistake is killing your battery,,https://www.thesun.co.uk/tech/22849571/apple-expert-simple-charging-mistake-killing-battery/
